Workbook

Sheet Export Summary
B3: This document was exported from Numbers. Each table was converted to an Excel worksheet. All other objects on each Numbers sheet were placed on separate worksheets. Please be aware that formula calculations may differ in Excel.
B7: Numbers Sheet Name | C7: Numbers Table Name | D7: Excel Worksheet Name
B9: Graph - Special Cases
C10: Fundraiser Results by Salesperson | D10: Legacy - Graph Special Cases
B11: Graph - Main Scenarios
C12: Comparison of Units Sold by Year | D12: Legacy - Graph Main Scenarios
B13: Scenario Matrix
C14: Total Sales by Salespeople and Units Sold | D14: Legacy - Scenario Matrix

Sheet Legacy - Graph Special Cases
B1: Fundraiser Results by Salesperson
B2: Special Case | C2: Target Final C
B3: S5 Fallback arm | C3: 10
B4: S6 Fallback release | C4: 20
B5: S7 Deadband | C5: 20

Sheet Legacy - Graph Main Scenarios
B1: Comparison of Units Sold by Year
B2: Outdoor C | C2: S1 Expensive | D2: S2 Cheap Unsatisfied | E2: S3 Cheap Storage Needs Heat
B3: -20 | C3: 19 | D3: 17 | E3: 20
B4: -15 | C4: 19 | D4: 17 | E4: 20
B5: -5 | C5: 19 | D5: 19 | E5: 22
B6: 5 | C6: 19 | D6: 20 | E6: 23
B7: 7 | C7: 20 | D7: 20 | E7: 23
B8: 15 | C8: 20 | D8: 20 | E8: 23

Sheet Legacy - Scenario Matrix
B1: Total Sales by Salespeople and Units Sold
B2: Scenario | C2: Outdoor C | D2: blocked_now | E2: energy_saving | F2: fallback_state | G2: selected_source | H2: target_saving | I2: target_comfort (branch) | J2: target_final | K2: control_write | L2: heatpump_signal
B3: S1 Expensive | C3: -20 | D3: TRUE | E3: on | F3: off | G3: saving target helper | H3: 19.0 | I3: 17.0 (unsatisfied) | J3: 19.0 | K3: Yes | L3: 19.0
B4: S1 Expensive | C4: -15 | D4: TRUE | E4: on | F4: off | G4: saving target helper | H4: 19.0 | I4: 17.0 (unsatisfied) | J4: 19.0 | K4: Yes | L4: 19.0
B5: S1 Expensive | C5: -5 | D5: TRUE | E5: on | F5: off | G5: saving target helper | H5: 19.0 | I5: 19.0 (unsatisfied) | J5: 19.0 | K5: Yes | L5: 19.0
B6: S1 Expensive | C6: 5 | D6: TRUE | E6: on | F6: off | G6: saving target helper | H6: 19.0 | I6: 20.0 (unsatisfied) | J6: 19.0 | K6: Yes | L6: 19.0
B7: S1 Expensive | C7: 7 | D7: TRUE | E7: on | F7: off | G7: saving target helper | H7: 20.0 | I7: 20.0 (unsatisfied) | J7: 20.0 | K7: Yes | L7: 20.0
B8: S1 Expensive | C8: 15 | D8: TRUE | E8: on | F8: off | G8: saving target helper | H8: 20.0 | I8: 20.0 (unsatisfied) | J8: 20.0 | K8: Yes | L8: 20.0
B9: S2 Cheap + comfort unsatisfied | C9: -20 | D9: FALSE | E9: off | F9: off | G9: comfort target helper | H9: 19.0 | I9: 17.0 (unsatisfied) | J9: 17.0 | K9: Yes | L9: 17.0
B10: S2 Cheap + comfort unsatisfied | C10: -15 | D10: FALSE | E10: off | F10: off | G10: comfort target helper | H10: 19.0 | I10: 17.0 (unsatisfied) | J10: 17.0 | K10: Yes | L10: 17.0
B11: S2 Cheap + comfort unsatisfied | C11: -5 | D11: FALSE | E11: off | F11: off | G11: comfort target helper | H11: 19.0 | I11: 19.0 (unsatisfied) | J11: 19.0 | K11: Yes | L11: 19.0
B12: S2 Cheap + comfort unsatisfied | C12: 5 | D12: FALSE | E12: off | F12: off | G12: comfort target helper | H12: 19.0 | I12: 20.0 (unsatisfied) | J12: 20.0 | K12: Yes | L12: 20.0
B13: S2 Cheap + comfort unsatisfied | C13: 7 | D13: FALSE | E13: off | F13: off | G13: comfort target helper | H13: 20.0 | I13: 20.0 (unsatisfied) | J13: 20.0 | K13: Yes | L13: 20.0
B14: S2 Cheap + comfort unsatisfied | C14: 15 | D14: FALSE | E14: off | F14: off | G14: comfort target helper | H14: 20.0 | I14: 20.0 (unsatisfied) | J14: 20.0 | K14: Yes | L14: 20.0
... B29: S7 Deadband (<0.2) | C29: 15 | D29: FALSE | E29: off | F29: off | G29: comfort target helper | H29: 20.0 | I29: 20.0 (satisfied+storage_ok) | J29: 20.0 | K29: No | L29: No write

Sheet Inputs
A1: Parameter | B1: Value | C1: Description | E1: day | F1: energy_saving_override | G1: Edit 0 or 1 per day
A2: start_outdoor_c | B2: 20 | C2: Timeline start outdoor temperature (C) | E2: 1 | F2: 0
A3: end_outdoor_c | B3: -20 | C3: Timeline end outdoor temperature (C) | E3: 2 | F3: 0
A4: days | B4: 14 | C4: Number of day steps in simulation | E4: 3 | F4: 0
A5: step_minutes | B5: 1440 | C5: Minutes per simulation step | E5: 4 | F5: 0
A6: setpoint | B6: 20 | C6: Saving-mode base heatpump setpoint (C) | E6: 5 | F6: 0
A7: saving_cold_offset | B7: 1 | C7: Saving-mode cold offset (C) | E7: 6 | F7: 0
A8: virtual_temperature | B8: 20 | C8: Saving-mode warm-weather target (C) | E8: 7 | F8: 0
A9: warm_shutdown_outdoor | B9: 7 | C9: Saving-mode warm shutdown threshold (C) | E9: 8 | F9: 0
A10: comfort_target | B10: 22 | C10: Comfort room target (C) | E10: 9 | F10: 0
A11: comfort_offset | B11: 2 | C11: Comfort path heatpump offset (C) | E11: 10 | F11: 0
A12: storage_target | B12: 25 | C12: Storage room target (C) | E12: 11 | F12: 0
A13: storage_offset | B13: 2 | C13: Storage path heatpump offset (C) | E13: 12 | F13: 0
... A15: comfort_margin | B15: 0.2 | C15: Comfort satisfied margin (C) | E15: 14 | F15: 0
A16: cold_threshold | B16: 0 | C16: Cold boost threshold (C)
A17: max_boost | B17: 3 | C17: Maximum cold boost pull-down (C)
A18: boost_slope | B18: 5 | C18: Outdoor degrees per +1C pull-down
A19: control_min | B19: 10 | C19: Final clamp minimum control value (C)
A20: control_max | B20: 26 | C20: Final clamp maximum control value (C)
A21: helper_write_delta | B21: 0.05 | C21: Minimum helper-write delta (C)
A22: control_write_delta | B22: 0.2 | C22: Minimum control-write delta (C)
A23: fallback_trigger_delta | B23: 0.5 | C23: Fallback trigger delta below comfort target (C)
A24: release_delta | B24: 0.1 | C24: Fallback release delta below comfort target (C)
A25: fallback_minutes | B25: 30 | C25: Fallback trigger duration (minutes)
A26: fallback_cooldown_minutes | B26: 60 | C26: Fallback cooldown for re-arm (minutes)
A27: room_outdoor_k | B27: 0.18 | C27: Room coupling to outdoor per day-step
... A35: energy_saving_default | B35: 0 | C35: Default policy state when no override exists (0/1)

Sheet Simulation
A1: day | B1: outdoor_c | C1: energy_saving | D1: room1_c | E1: room2_c | F1: storage_c | G1: comfort_min | H1: boost_raw | I1: boost | J1: comfort_satisfied | K1: storage_needs_heat | L1: comfort_path | M1: storage_path | N1: target_comfort | O1: target_saving | P1: below_trigger | Q1: below_counter | R1: cooldown_counter | S1: fallback_active | T1: selected_source | U1: target_final | V1: helper_write | W1: control_write | X1: heatpump_signal | Y1: comfort_deficit
A2: 1 | B2: =Inputs!$B$2 + (A2-1)*(Inputs!$B$3-Inputs!$B$2)/MAX(Inputs!$B$4-1,1) | C2: =IFERROR(INDEX(Inputs!$F$2:$F$200,MATCH(A2,Inputs!$E$2:$E$200,0)),Inputs!$B$35) | D2: =Inputs!$B$31 | E2: =Inputs!$B$32 | F2: =Inputs!$B$33 | G2: =MIN(D2,E2) | H2: =IF(B2<Inputs!$B$16,(Inputs!$B$16-B2)/Inputs!$B$18,0) | I2: =MIN(Inputs!$B$17,MAX(0,H2)) | J2: =IF(AND(D2>=Inputs!$B$10-Inputs!$B$15,E2>=Inputs!$B$10-Inputs!$B$15),1,0) | K2: =IF(F2<Inputs!$B$12-Inputs!$B$15,1,0) | L2: =(Inputs!$B$10-Inputs!$B$11)-I2 | M2: =(Inputs!$B$12-Inputs!$B$13)-I2 | N2: =MIN(Inputs!$B$20,MAX(Inputs!$B$19,IF(J2=0,L2,IF(K2=1,MAX(M2,L2),Inputs!$B$14)))) | O2: =MIN(Inputs!$B$20,MAX(Inputs!$B$19,IF(B2>=Inputs!$B$9,Inputs!$B$8,Inputs!$B$6-Inputs!$B$7))) | P2: =IF(AND(C2=0,G2<Inputs!$B$10-Inputs!$B$23),1,0) | Q2: =IF(P2=1,1,0) | R2: =CEILING(Inputs!$B$26/Inputs!$B$5,1) | S2: =IF(C2=1,0,IF(AND(P2=1,Q2>=CEILING(Inputs!$B$25/Inputs!$B$5,1)),1,0)) | T2: =IF(C2=1,"saving",IF(S2=1,"fallback_min","comfort")) | U2: =MIN(Inputs!$B$20,MAX(Inputs!$B$19,IF(T2="saving",O2,IF(T2="fallback_min",Inputs!$B$19,N2)))) | V2: =IF(ABS(U2-Inputs!$B$34)>=Inputs!$B$21,1,0) | W2: =IF(ABS(U2-Inputs!$B$34)>=Inputs!$B$22,1,0) | X2: =IF(W2=1,U2,Inputs!$B$34) | Y2: =Inputs!$B$10-G2
A3: 2 | B3: =Inputs!$B$2 + (A3-1)*(Inputs!$B$3-Inputs!$B$2)/MAX(Inputs!$B$4-1,1) | C3: =IFERROR(INDEX(Inputs!$F$2:$F$200,MATCH(A3,Inputs!$E$2:$E$200,0)),Inputs!$B$35) | D3: =D2 + Inputs!$B$27*(B3-D2) + Inputs!$B$28*(X2-D2) | E3: =E2 + Inputs!$B$27*(B3-E2) + Inputs!$B$28*(X2-E2) | F3: =F2 + Inputs!$B$29*(B3-F2) + Inputs!$B$30*(X2-F2) | G3: =MIN(D3,E3) | H3: =IF(B3<Inputs!$B$16,(Inputs!$B$16-B3)/Inputs!$B$18,0) | I3: =MIN(Inputs!$B$17,MAX(0,H3)) | J3: =IF(AND(D3>=Inputs!$B$10-Inputs!$B$15,E3>=Inputs!$B$10-Inputs!$B$15),1,0) | K3: =IF(F3<Inputs!$B$12-Inputs!$B$15,1,0) | L3: =(Inputs!$B$10-Inputs!$B$11)-I3 | M3: =(Inputs!$B$12-Inputs!$B$13)-I3 | N3: =MIN(Inputs!$B$20,MAX(Inputs!$B$19,IF(J3=0,L3,IF(K3=1,MAX(M3,L3),Inputs!$B$14)))) | O3: =MIN(Inputs!$B$20,MAX(Inputs!$B$19,IF(B3>=Inputs!$B$9,Inputs!$B$8,Inputs!$B$6-Inputs!$B$7))) | P3: =IF(AND(C3=0,G3<Inputs!$B$10-Inputs!$B$23),1,0) | Q3: =IF(P3=1,Q2+1,0) | R3: =IF(AND(S2=0,S3=1),0,R2+1) | S3: =IF(C3=1,0,IF(S2=1,IF(G3>=Inputs!$B$10-Inputs!$B$24,0,1),IF(AND(P3=1,Q3>=CEILING(Inputs!$B$25/Inputs!$B$5,1),R2>=CEILING(Inputs!$B$26/Inputs!$B$5,1)),1,0))) | T3: =IF(C3=1,"saving",IF(S3=1,"fallback_min","comfort")) | U3: =MIN(Inputs!$B$20,MAX(Inputs!$B$19,IF(T3="saving",O3,IF(T3="fallback_min",Inputs!$B$19,N3)))) | V3: =IF(ABS(U3-U2)>=Inputs!$B$21,1,0) | W3: =IF(ABS(U3-X2)>=Inputs!$B$22,1,0) | X3: =IF(W3=1,U3,X2) | Y3: =Inputs!$B$10-G3
A4: 3 | B4: =Inputs!$B$2 + (A4-1)*(Inputs!$B$3-Inputs!$B$2)/MAX(Inputs!$B$4-1,1) | C4: =IFERROR(INDEX(Inputs!$F$2:$F$200,MATCH(A4,Inputs!$E$2:$E$200,0)),Inputs!$B$35) | D4: =D3 + Inputs!$B$27*(B4-D3) + Inputs!$B$28*(X3-D3) | E4: =E3 + Inputs!$B$27*(B4-E3) + Inputs!$B$28*(X3-E3) | F4: =F3 + Inputs!$B$29*(B4-F3) + Inputs!$B$30*(X3-F3) | G4: =MIN(D4,E4) | H4: =IF(B4<Inputs!$B$16,(Inputs!$B$16-B4)/Inputs!$B$18,0) | I4: =MIN(Inputs!$B$17,MAX(0,H4)) | J4: =IF(AND(D4>=Inputs!$B$10-Inputs!$B$15,E4>=Inputs!$B$10-Inputs!$B$15),1,0) | K4: =IF(F4<Inputs!$B$12-Inputs!$B$15,1,0) | L4: =(Inputs!$B$10-Inputs!$B$11)-I4 | M4: =(Inputs!$B$12-Inputs!$B$13)-I4 | N4: =MIN(Inputs!$B$20,MAX(Inputs!$B$19,IF(J4=0,L4,IF(K4=1,MAX(M4,L4),Inputs!$B$14)))) | O4: =MIN(Inputs!$B$20,MAX(Inputs!$B$19,IF(B4>=Inputs!$B$9,Inputs!$B$8,Inputs!$B$6-Inputs!$B$7))) | P4: =IF(AND(C4=0,G4<Inputs!$B$10-Inputs!$B$23),1,0) | Q4: =IF(P4=1,Q3+1,0) | R4: =IF(AND(S3=0,S4=1),0,R3+1) | S4: =IF(C4=1,0,IF(S3=1,IF(G4>=Inputs!$B$10-Inputs!$B$24,0,1),IF(AND(P4=1,Q4>=CEILING(Inputs!$B$25/Inputs!$B$5,1),R3>=CEILING(Inputs!$B$26/Inputs!$B$5,1)),1,0))) | T4: =IF(C4=1,"saving",IF(S4=1,"fallback_min","comfort")) | U4: =MIN(Inputs!$B$20,MAX(Inputs!$B$19,IF(T4="saving",O4,IF(T4="fallback_min",Inputs!$B$19,N4)))) | V4: =IF(ABS(U4-U3)>=Inputs!$B$21,1,0) | W4: =IF(ABS(U4-X3)>=Inputs!$B$22,1,0) | X4: =IF(W4=1,U4,X3) | Y4: =Inputs!$B$10-G4
A5: 4 | B5: =Inputs!$B$2 + (A5-1)*(Inputs!$B$3-Inputs!$B$2)/MAX(Inputs!$B$4-1,1) | C5: =IFERROR(INDEX(Inputs!$F$2:$F$200,MATCH(A5,Inputs!$E$2:$E$200,0)),Inputs!$B$35) | D5: =D4 + Inputs!$B$27*(B5-D4) + Inputs!$B$28*(X4-D4) | E5: =E4 + Inputs!$B$27*(B5-E4) + Inputs!$B$28*(X4-E4) | F5: =F4 + Inputs!$B$29*(B5-F4) + Inputs!$B$30*(X4-F4) | G5: =MIN(D5,E5) | H5: =IF(B5<Inputs!$B$16,(Inputs!$B$16-B5)/Inputs!$B$18,0) | I5: =MIN(Inputs!$B$17,MAX(0,H5)) | J5: =IF(AND(D5>=Inputs!$B$10-Inputs!$B$15,E5>=Inputs!$B$10-Inputs!$B$15),1,0) | K5: =IF(F5<Inputs!$B$12-Inputs!$B$15,1,0) | L5: =(Inputs!$B$10-Inputs!$B$11)-I5 | M5: =(Inputs!$B$12-Inputs!$B$13)-I5 | N5: =MIN(Inputs!$B$20,MAX(Inputs!$B$19,IF(J5=0,L5,IF(K5=1,MAX(M5,L5),Inputs!$B$14)))) | O5: =MIN(Inputs!$B$20,MAX(Inputs!$B$19,IF(B5>=Inputs!$B$9,Inputs!$B$8,Inputs!$B$6-Inputs!$B$7))) | P5: =IF(AND(C5=0,G5<Inputs!$B$10-Inputs!$B$23),1,0) | Q5: =IF(P5=1,Q4+1,0) | R5: =IF(AND(S4=0,S5=1),0,R4+1) | S5: =IF(C5=1,0,IF(S4=1,IF(G5>=Inputs!$B$10-Inputs!$B$24,0,1),IF(AND(P5=1,Q5>=CEILING(Inputs!$B$25/Inputs!$B$5,1),R4>=CEILING(Inputs!$B$26/Inputs!$B$5,1)),1,0))) | T5: =IF(C5=1,"saving",IF(S5=1,"fallback_min","comfort")) | U5: =MIN(Inputs!$B$20,MAX(Inputs!$B$19,IF(T5="saving",O5,IF(T5="fallback_min",Inputs!$B$19,N5)))) | V5: =IF(ABS(U5-U4)>=Inputs!$B$21,1,0) | W5: =IF(ABS(U5-X4)>=Inputs!$B$22,1,0) | X5: =IF(W5=1,U5,X4) | Y5: =Inputs!$B$10-G5
A6: 5 | B6: =Inputs!$B$2 + (A6-1)*(Inputs!$B$3-Inputs!$B$2)/MAX(Inputs!$B$4-1,1) | C6: =IFERROR(INDEX(Inputs!$F$2:$F$200,MATCH(A6,Inputs!$E$2:$E$200,0)),Inputs!$B$35) | D6: =D5 + Inputs!$B$27*(B6-D5) + Inputs!$B$28*(X5-D5) | E6: =E5 + Inputs!$B$27*(B6-E5) + Inputs!$B$28*(X5-E5) | F6: =F5 + Inputs!$B$29*(B6-F5) + Inputs!$B$30*(X5-F5) | G6: =MIN(D6,E6) | H6: =IF(B6<Inputs!$B$16,(Inputs!$B$16-B6)/Inputs!$B$18,0) | I6: =MIN(Inputs!$B$17,MAX(0,H6)) | J6: =IF(AND(D6>=Inputs!$B$10-Inputs!$B$15,E6>=Inputs!$B$10-Inputs!$B$15),1,0) | K6: =IF(F6<Inputs!$B$12-Inputs!$B$15,1,0) | L6: =(Inputs!$B$10-Inputs!$B$11)-I6 | M6: =(Inputs!$B$12-Inputs!$B$13)-I6 | N6: =MIN(Inputs!$B$20,MAX(Inputs!$B$19,IF(J6=0,L6,IF(K6=1,MAX(M6,L6),Inputs!$B$14)))) | O6: =MIN(Inputs!$B$20,MAX(Inputs!$B$19,IF(B6>=Inputs!$B$9,Inputs!$B$8,Inputs!$B$6-Inputs!$B$7))) | P6: =IF(AND(C6=0,G6<Inputs!$B$10-Inputs!$B$23),1,0) | Q6: =IF(P6=1,Q5+1,0) | R6: =IF(AND(S5=0,S6=1),0,R5+1) | S6: =IF(C6=1,0,IF(S5=1,IF(G6>=Inputs!$B$10-Inputs!$B$24,0,1),IF(AND(P6=1,Q6>=CEILING(Inputs!$B$25/Inputs!$B$5,1),R5>=CEILING(Inputs!$B$26/Inputs!$B$5,1)),1,0))) | T6: =IF(C6=1,"saving",IF(S6=1,"fallback_min","comfort")) | U6: =MIN(Inputs!$B$20,MAX(Inputs!$B$19,IF(T6="saving",O6,IF(T6="fallback_min",Inputs!$B$19,N6)))) | V6: =IF(ABS(U6-U5)>=Inputs!$B$21,1,0) | W6: =IF(ABS(U6-X5)>=Inputs!$B$22,1,0) | X6: =IF(W6=1,U6,X5) | Y6: =Inputs!$B$10-G6
A7: 6 | B7: =Inputs!$B$2 + (A7-1)*(Inputs!$B$3-Inputs!$B$2)/MAX(Inputs!$B$4-1,1) | C7: =IFERROR(INDEX(Inputs!$F$2:$F$200,MATCH(A7,Inputs!$E$2:$E$200,0)),Inputs!$B$35) | D7: =D6 + Inputs!$B$27*(B7-D6) + Inputs!$B$28*(X6-D6) | E7: =E6 + Inputs!$B$27*(B7-E6) + Inputs!$B$28*(X6-E6) | F7: =F6 + Inputs!$B$29*(B7-F6) + Inputs!$B$30*(X6-F6) | G7: =MIN(D7,E7) | H7: =IF(B7<Inputs!$B$16,(Inputs!$B$16-B7)/Inputs!$B$18,0) | I7: =MIN(Inputs!$B$17,MAX(0,H7)) | J7: =IF(AND(D7>=Inputs!$B$10-Inputs!$B$15,E7>=Inputs!$B$10-Inputs!$B$15),1,0) | K7: =IF(F7<Inputs!$B$12-Inputs!$B$15,1,0) | L7: =(Inputs!$B$10-Inputs!$B$11)-I7 | M7: =(Inputs!$B$12-Inputs!$B$13)-I7 | N7: =MIN(Inputs!$B$20,MAX(Inputs!$B$19,IF(J7=0,L7,IF(K7=1,MAX(M7,L7),Inputs!$B$14)))) | O7: =MIN(Inputs!$B$20,MAX(Inputs!$B$19,IF(B7>=Inputs!$B$9,Inputs!$B$8,Inputs!$B$6-Inputs!$B$7))) | P7: =IF(AND(C7=0,G7<Inputs!$B$10-Inputs!$B$23),1,0) | Q7: =IF(P7=1,Q6+1,0) | R7: =IF(AND(S6=0,S7=1),0,R6+1) | S7: =IF(C7=1,0,IF(S6=1,IF(G7>=Inputs!$B$10-Inputs!$B$24,0,1),IF(AND(P7=1,Q7>=CEILING(Inputs!$B$25/Inputs!$B$5,1),R6>=CEILING(Inputs!$B$26/Inputs!$B$5,1)),1,0))) | T7: =IF(C7=1,"saving",IF(S7=1,"fallback_min","comfort")) | U7: =MIN(Inputs!$B$20,MAX(Inputs!$B$19,IF(T7="saving",O7,IF(T7="fallback_min",Inputs!$B$19,N7)))) | V7: =IF(ABS(U7-U6)>=Inputs!$B$21,1,0) | W7: =IF(ABS(U7-X6)>=Inputs!$B$22,1,0) | X7: =IF(W7=1,U7,X6) | Y7: =Inputs!$B$10-G7
A8: 7 | B8: =Inputs!$B$2 + (A8-1)*(Inputs!$B$3-Inputs!$B$2)/MAX(Inputs!$B$4-1,1) | C8: =IFERROR(INDEX(Inputs!$F$2:$F$200,MATCH(A8,Inputs!$E$2:$E$200,0)),Inputs!$B$35) | D8: =D7 + Inputs!$B$27*(B8-D7) + Inputs!$B$28*(X7-D7) | E8: =E7 + Inputs!$B$27*(B8-E7) + Inputs!$B$28*(X7-E7) | F8: =F7 + Inputs!$B$29*(B8-F7) + Inputs!$B$30*(X7-F7) | G8: =MIN(D8,E8) | H8: =IF(B8<Inputs!$B$16,(Inputs!$B$16-B8)/Inputs!$B$18,0) | I8: =MIN(Inputs!$B$17,MAX(0,H8)) | J8: =IF(AND(D8>=Inputs!$B$10-Inputs!$B$15,E8>=Inputs!$B$10-Inputs!$B$15),1,0) | K8: =IF(F8<Inputs!$B$12-Inputs!$B$15,1,0) | L8: =(Inputs!$B$10-Inputs!$B$11)-I8 | M8: =(Inputs!$B$12-Inputs!$B$13)-I8 | N8: =MIN(Inputs!$B$20,MAX(Inputs!$B$19,IF(J8=0,L8,IF(K8=1,MAX(M8,L8),Inputs!$B$14)))) | O8: =MIN(Inputs!$B$20,MAX(Inputs!$B$19,IF(B8>=Inputs!$B$9,Inputs!$B$8,Inputs!$B$6-Inputs!$B$7))) | P8: =IF(AND(C8=0,G8<Inputs!$B$10-Inputs!$B$23),1,0) | Q8: =IF(P8=1,Q7+1,0) | R8: =IF(AND(S7=0,S8=1),0,R7+1) | S8: =IF(C8=1,0,IF(S7=1,IF(G8>=Inputs!$B$10-Inputs!$B$24,0,1),IF(AND(P8=1,Q8>=CEILING(Inputs!$B$25/Inputs!$B$5,1),R7>=CEILING(Inputs!$B$26/Inputs!$B$5,1)),1,0))) | T8: =IF(C8=1,"saving",IF(S8=1,"fallback_min","comfort")) | U8: =MIN(Inputs!$B$20,MAX(Inputs!$B$19,IF(T8="saving",O8,IF(T8="fallback_min",Inputs!$B$19,N8)))) | V8: =IF(ABS(U8-U7)>=Inputs!$B$21,1,0) | W8: =IF(ABS(U8-X7)>=Inputs!$B$22,1,0) | X8: =IF(W8=1,U8,X7) | Y8: =Inputs!$B$10-G8
A9: 8 | B9: =Inputs!$B$2 + (A9-1)*(Inputs!$B$3-Inputs!$B$2)/MAX(Inputs!$B$4-1,1) | C9: =IFERROR(INDEX(Inputs!$F$2:$F$200,MATCH(A9,Inputs!$E$2:$E$200,0)),Inputs!$B$35) | D9: =D8 + Inputs!$B$27*(B9-D8) + Inputs!$B$28*(X8-D8) | E9: =E8 + Inputs!$B$27*(B9-E8) + Inputs!$B$28*(X8-E8) | F9: =F8 + Inputs!$B$29*(B9-F8) + Inputs!$B$30*(X8-F8) | G9: =MIN(D9,E9) | H9: =IF(B9<Inputs!$B$16,(Inputs!$B$16-B9)/Inputs!$B$18,0) | I9: =MIN(Inputs!$B$17,MAX(0,H9)) | J9: =IF(AND(D9>=Inputs!$B$10-Inputs!$B$15,E9>=Inputs!$B$10-Inputs!$B$15),1,0) | K9: =IF(F9<Inputs!$B$12-Inputs!$B$15,1,0) | L9: =(Inputs!$B$10-Inputs!$B$11)-I9 | M9: =(Inputs!$B$12-Inputs!$B$13)-I9 | N9: =MIN(Inputs!$B$20,MAX(Inputs!$B$19,IF(J9=0,L9,IF(K9=1,MAX(M9,L9),Inputs!$B$14)))) | O9: =MIN(Inputs!$B$20,MAX(Inputs!$B$19,IF(B9>=Inputs!$B$9,Inputs!$B$8,Inputs!$B$6-Inputs!$B$7))) | P9: =IF(AND(C9=0,G9<Inputs!$B$10-Inputs!$B$23),1,0) | Q9: =IF(P9=1,Q8+1,0) | R9: =IF(AND(S8=0,S9=1),0,R8+1) | S9: =IF(C9=1,0,IF(S8=1,IF(G9>=Inputs!$B$10-Inputs!$B$24,0,1),IF(AND(P9=1,Q9>=CEILING(Inputs!$B$25/Inputs!$B$5,1),R8>=CEILING(Inputs!$B$26/Inputs!$B$5,1)),1,0))) | T9: =IF(C9=1,"saving",IF(S9=1,"fallback_min","comfort")) | U9: =MIN(Inputs!$B$20,MAX(Inputs!$B$19,IF(T9="saving",O9,IF(T9="fallback_min",Inputs!$B$19,N9)))) | V9: =IF(ABS(U9-U8)>=Inputs!$B$21,1,0) | W9: =IF(ABS(U9-X8)>=Inputs!$B$22,1,0) | X9: =IF(W9=1,U9,X8) | Y9: =Inputs!$B$10-G9
A10: 9 | B10: =Inputs!$B$2 + (A10-1)*(Inputs!$B$3-Inputs!$B$2)/MAX(Inputs!$B$4-1,1) | C10: =IFERROR(INDEX(Inputs!$F$2:$F$200,MATCH(A10,Inputs!$E$2:$E$200,0)),Inputs!$B$35) | D10: =D9 + Inputs!$B$27*(B10-D9) + Inputs!$B$28*(X9-D9) | E10: =E9 + Inputs!$B$27*(B10-E9) + Inputs!$B$28*(X9-E9) | F10: =F9 + Inputs!$B$29*(B10-F9) + Inputs!$B$30*(X9-F9) | G10: =MIN(D10,E10) | H10: =IF(B10<Inputs!$B$16,(Inputs!$B$16-B10)/Inputs!$B$18,0) | I10: =MIN(Inputs!$B$17,MAX(0,H10)) | J10: =IF(AND(D10>=Inputs!$B$10-Inputs!$B$15,E10>=Inputs!$B$10-Inputs!$B$15),1,0) | K10: =IF(F10<Inputs!$B$12-Inputs!$B$15,1,0) | L10: =(Inputs!$B$10-Inputs!$B$11)-I10 | M10: =(Inputs!$B$12-Inputs!$B$13)-I10 | N10: =MIN(Inputs!$B$20,MAX(Inputs!$B$19,IF(J10=0,L10,IF(K10=1,MAX(M10,L10),Inputs!$B$14)))) | O10: =MIN(Inputs!$B$20,MAX(Inputs!$B$19,IF(B10>=Inputs!$B$9,Inputs!$B$8,Inputs!$B$6-Inputs!$B$7))) | P10: =IF(AND(C10=0,G10<Inputs!$B$10-Inputs!$B$23),1,0) | Q10: =IF(P10=1,Q9+1,0) | R10: =IF(AND(S9=0,S10=1),0,R9+1) | S10: =IF(C10=1,0,IF(S9=1,IF(G10>=Inputs!$B$10-Inputs!$B$24,0,1),IF(AND(P10=1,Q10>=CEILING(Inputs!$B$25/Inputs!$B$5,1),R9>=CEILING(Inputs!$B$26/Inputs!$B$5,1)),1,0))) | T10: =IF(C10=1,"saving",IF(S10=1,"fallback_min","comfort")) | U10: =MIN(Inputs!$B$20,MAX(Inputs!$B$19,IF(T10="saving",O10,IF(T10="fallback_min",Inputs!$B$19,N10)))) | V10: =IF(ABS(U10-U9)>=Inputs!$B$21,1,0) | W10: =IF(ABS(U10-X9)>=Inputs!$B$22,1,0) | X10: =IF(W10=1,U10,X9) | Y10: =Inputs!$B$10-G10
A11: 10 | B11: =Inputs!$B$2 + (A11-1)*(Inputs!$B$3-Inputs!$B$2)/MAX(Inputs!$B$4-1,1) | C11: =IFERROR(INDEX(Inputs!$F$2:$F$200,MATCH(A11,Inputs!$E$2:$E$200,0)),Inputs!$B$35) | D11: =D10 + Inputs!$B$27*(B11-D10) + Inputs!$B$28*(X10-D10) | E11: =E10 + Inputs!$B$27*(B11-E10) + Inputs!$B$28*(X10-E10) | F11: =F10 + Inputs!$B$29*(B11-F10) + Inputs!$B$30*(X10-F10) | G11: =MIN(D11,E11) | H11: =IF(B11<Inputs!$B$16,(Inputs!$B$16-B11)/Inputs!$B$18,0) | I11: =MIN(Inputs!$B$17,MAX(0,H11)) | J11: =IF(AND(D11>=Inputs!$B$10-Inputs!$B$15,E11>=Inputs!$B$10-Inputs!$B$15),1,0) | K11: =IF(F11<Inputs!$B$12-Inputs!$B$15,1,0) | L11: =(Inputs!$B$10-Inputs!$B$11)-I11 | M11: =(Inputs!$B$12-Inputs!$B$13)-I11 | N11: =MIN(Inputs!$B$20,MAX(Inputs!$B$19,IF(J11=0,L11,IF(K11=1,MAX(M11,L11),Inputs!$B$14)))) | O11: =MIN(Inputs!$B$20,MAX(Inputs!$B$19,IF(B11>=Inputs!$B$9,Inputs!$B$8,Inputs!$B$6-Inputs!$B$7))) | P11: =IF(AND(C11=0,G11<Inputs!$B$10-Inputs!$B$23),1,0) | Q11: =IF(P11=1,Q10+1,0) | R11: =IF(AND(S10=0,S11=1),0,R10+1) | S11: =IF(C11=1,0,IF(S10=1,IF(G11>=Inputs!$B$10-Inputs!$B$24,0,1),IF(AND(P11=1,Q11>=CEILING(Inputs!$B$25/Inputs!$B$5,1),R10>=CEILING(Inputs!$B$26/Inputs!$B$5,1)),1,0))) | T11: =IF(C11=1,"saving",IF(S11=1,"fallback_min","comfort")) | U11: =MIN(Inputs!$B$20,MAX(Inputs!$B$19,IF(T11="saving",O11,IF(T11="fallback_min",Inputs!$B$19,N11)))) | V11: =IF(ABS(U11-U10)>=Inputs!$B$21,1,0) | W11: =IF(ABS(U11-X10)>=Inputs!$B$22,1,0) | X11: =IF(W11=1,U11,X10) | Y11: =Inputs!$B$10-G11
A12: 11 | B12: =Inputs!$B$2 + (A12-1)*(Inputs!$B$3-Inputs!$B$2)/MAX(Inputs!$B$4-1,1) | C12: =IFERROR(INDEX(Inputs!$F$2:$F$200,MATCH(A12,Inputs!$E$2:$E$200,0)),Inputs!$B$35) | D12: =D11 + Inputs!$B$27*(B12-D11) + Inputs!$B$28*(X11-D11) | E12: =E11 + Inputs!$B$27*(B12-E11) + Inputs!$B$28*(X11-E11) | F12: =F11 + Inputs!$B$29*(B12-F11) + Inputs!$B$30*(X11-F11) | G12: =MIN(D12,E12) | H12: =IF(B12<Inputs!$B$16,(Inputs!$B$16-B12)/Inputs!$B$18,0) | I12: =MIN(Inputs!$B$17,MAX(0,H12)) | J12: =IF(AND(D12>=Inputs!$B$10-Inputs!$B$15,E12>=Inputs!$B$10-Inputs!$B$15),1,0) | K12: =IF(F12<Inputs!$B$12-Inputs!$B$15,1,0) | L12: =(Inputs!$B$10-Inputs!$B$11)-I12 | M12: =(Inputs!$B$12-Inputs!$B$13)-I12 | N12: =MIN(Inputs!$B$20,MAX(Inputs!$B$19,IF(J12=0,L12,IF(K12=1,MAX(M12,L12),Inputs!$B$14)))) | O12: =MIN(Inputs!$B$20,MAX(Inputs!$B$19,IF(B12>=Inputs!$B$9,Inputs!$B$8,Inputs!$B$6-Inputs!$B$7))) | P12: =IF(AND(C12=0,G12<Inputs!$B$10-Inputs!$B$23),1,0) | Q12: =IF(P12=1,Q11+1,0) | R12: =IF(AND(S11=0,S12=1),0,R11+1) | S12: =IF(C12=1,0,IF(S11=1,IF(G12>=Inputs!$B$10-Inputs!$B$24,0,1),IF(AND(P12=1,Q12>=CEILING(Inputs!$B$25/Inputs!$B$5,1),R11>=CEILING(Inputs!$B$26/Inputs!$B$5,1)),1,0))) | T12: =IF(C12=1,"saving",IF(S12=1,"fallback_min","comfort")) | U12: =MIN(Inputs!$B$20,MAX(Inputs!$B$19,IF(T12="saving",O12,IF(T12="fallback_min",Inputs!$B$19,N12)))) | V12: =IF(ABS(U12-U11)>=Inputs!$B$21,1,0) | W12: =IF(ABS(U12-X11)>=Inputs!$B$22,1,0) | X12: =IF(W12=1,U12,X11) | Y12: =Inputs!$B$10-G12
A13: 12 | B13: =Inputs!$B$2 + (A13-1)*(Inputs!$B$3-Inputs!$B$2)/MAX(Inputs!$B$4-1,1) | C13: =IFERROR(INDEX(Inputs!$F$2:$F$200,MATCH(A13,Inputs!$E$2:$E$200,0)),Inputs!$B$35) | D13: =D12 + Inputs!$B$27*(B13-D12) + Inputs!$B$28*(X12-D12) | E13: =E12 + Inputs!$B$27*(B13-E12) + Inputs!$B$28*(X12-E12) | F13: =F12 + Inputs!$B$29*(B13-F12) + Inputs!$B$30*(X12-F12) | G13: =MIN(D13,E13) | H13: =IF(B13<Inputs!$B$16,(Inputs!$B$16-B13)/Inputs!$B$18,0) | I13: =MIN(Inputs!$B$17,MAX(0,H13)) | J13: =IF(AND(D13>=Inputs!$B$10-Inputs!$B$15,E13>=Inputs!$B$10-Inputs!$B$15),1,0) | K13: =IF(F13<Inputs!$B$12-Inputs!$B$15,1,0) | L13: =(Inputs!$B$10-Inputs!$B$11)-I13 | M13: =(Inputs!$B$12-Inputs!$B$13)-I13 | N13: =MIN(Inputs!$B$20,MAX(Inputs!$B$19,IF(J13=0,L13,IF(K13=1,MAX(M13,L13),Inputs!$B$14)))) | O13: =MIN(Inputs!$B$20,MAX(Inputs!$B$19,IF(B13>=Inputs!$B$9,Inputs!$B$8,Inputs!$B$6-Inputs!$B$7))) | P13: =IF(AND(C13=0,G13<Inputs!$B$10-Inputs!$B$23),1,0) | Q13: =IF(P13=1,Q12+1,0) | R13: =IF(AND(S12=0,S13=1),0,R12+1) | S13: =IF(C13=1,0,IF(S12=1,IF(G13>=Inputs!$B$10-Inputs!$B$24,0,1),IF(AND(P13=1,Q13>=CEILING(Inputs!$B$25/Inputs!$B$5,1),R12>=CEILING(Inputs!$B$26/Inputs!$B$5,1)),1,0))) | T13: =IF(C13=1,"saving",IF(S13=1,"fallback_min","comfort")) | U13: =MIN(Inputs!$B$20,MAX(Inputs!$B$19,IF(T13="saving",O13,IF(T13="fallback_min",Inputs!$B$19,N13)))) | V13: =IF(ABS(U13-U12)>=Inputs!$B$21,1,0) | W13: =IF(ABS(U13-X12)>=Inputs!$B$22,1,0) | X13: =IF(W13=1,U13,X12) | Y13: =Inputs!$B$10-G13
A14: 13 | B14: =Inputs!$B$2 + (A14-1)*(Inputs!$B$3-Inputs!$B$2)/MAX(Inputs!$B$4-1,1) | C14: =IFERROR(INDEX(Inputs!$F$2:$F$200,MATCH(A14,Inputs!$E$2:$E$200,0)),Inputs!$B$35) | D14: =D13 + Inputs!$B$27*(B14-D13) + Inputs!$B$28*(X13-D13) | E14: =E13 + Inputs!$B$27*(B14-E13) + Inputs!$B$28*(X13-E13) | F14: =F13 + Inputs!$B$29*(B14-F13) + Inputs!$B$30*(X13-F13) | G14: =MIN(D14,E14) | H14: =IF(B14<Inputs!$B$16,(Inputs!$B$16-B14)/Inputs!$B$18,0) | I14: =MIN(Inputs!$B$17,MAX(0,H14)) | J14: =IF(AND(D14>=Inputs!$B$10-Inputs!$B$15,E14>=Inputs!$B$10-Inputs!$B$15),1,0) | K14: =IF(F14<Inputs!$B$12-Inputs!$B$15,1,0) | L14: =(Inputs!$B$10-Inputs!$B$11)-I14 | M14: =(Inputs!$B$12-Inputs!$B$13)-I14 | N14: =MIN(Inputs!$B$20,MAX(Inputs!$B$19,IF(J14=0,L14,IF(K14=1,MAX(M14,L14),Inputs!$B$14)))) | O14: =MIN(Inputs!$B$20,MAX(Inputs!$B$19,IF(B14>=Inputs!$B$9,Inputs!$B$8,Inputs!$B$6-Inputs!$B$7))) | P14: =IF(AND(C14=0,G14<Inputs!$B$10-Inputs!$B$23),1,0) | Q14: =IF(P14=1,Q13+1,0) | R14: =IF(AND(S13=0,S14=1),0,R13+1) | S14: =IF(C14=1,0,IF(S13=1,IF(G14>=Inputs!$B$10-Inputs!$B$24,0,1),IF(AND(P14=1,Q14>=CEILING(Inputs!$B$25/Inputs!$B$5,1),R13>=CEILING(Inputs!$B$26/Inputs!$B$5,1)),1,0))) | T14: =IF(C14=1,"saving",IF(S14=1,"fallback_min","comfort")) | U14: =MIN(Inputs!$B$20,MAX(Inputs!$B$19,IF(T14="saving",O14,IF(T14="fallback_min",Inputs!$B$19,N14)))) | V14: =IF(ABS(U14-U13)>=Inputs!$B$21,1,0) | W14: =IF(ABS(U14-X13)>=Inputs!$B$22,1,0) | X14: =IF(W14=1,U14,X13) | Y14: =Inputs!$B$10-G14
A15: 14 | B15: =Inputs!$B$2 + (A15-1)*(Inputs!$B$3-Inputs!$B$2)/MAX(Inputs!$B$4-1,1) | C15: =IFERROR(INDEX(Inputs!$F$2:$F$200,MATCH(A15,Inputs!$E$2:$E$200,0)),Inputs!$B$35) | D15: =D14 + Inputs!$B$27*(B15-D14) + Inputs!$B$28*(X14-D14) | E15: =E14 + Inputs!$B$27*(B15-E14) + Inputs!$B$28*(X14-E14) | F15: =F14 + Inputs!$B$29*(B15-F14) + Inputs!$B$30*(X14-F14) | G15: =MIN(D15,E15) | H15: =IF(B15<Inputs!$B$16,(Inputs!$B$16-B15)/Inputs!$B$18,0) | I15: =MIN(Inputs!$B$17,MAX(0,H15)) | J15: =IF(AND(D15>=Inputs!$B$10-Inputs!$B$15,E15>=Inputs!$B$10-Inputs!$B$15),1,0) | K15: =IF(F15<Inputs!$B$12-Inputs!$B$15,1,0) | L15: =(Inputs!$B$10-Inputs!$B$11)-I15 | M15: =(Inputs!$B$12-Inputs!$B$13)-I15 | N15: =MIN(Inputs!$B$20,MAX(Inputs!$B$19,IF(J15=0,L15,IF(K15=1,MAX(M15,L15),Inputs!$B$14)))) | O15: =MIN(Inputs!$B$20,MAX(Inputs!$B$19,IF(B15>=Inputs!$B$9,Inputs!$B$8,Inputs!$B$6-Inputs!$B$7))) | P15: =IF(AND(C15=0,G15<Inputs!$B$10-Inputs!$B$23),1,0) | Q15: =IF(P15=1,Q14+1,0) | R15: =IF(AND(S14=0,S15=1),0,R14+1) | S15: =IF(C15=1,0,IF(S14=1,IF(G15>=Inputs!$B$10-Inputs!$B$24,0,1),IF(AND(P15=1,Q15>=CEILING(Inputs!$B$25/Inputs!$B$5,1),R14>=CEILING(Inputs!$B$26/Inputs!$B$5,1)),1,0))) | T15: =IF(C15=1,"saving",IF(S15=1,"fallback_min","comfort")) | U15: =MIN(Inputs!$B$20,MAX(Inputs!$B$19,IF(T15="saving",O15,IF(T15="fallback_min",Inputs!$B$19,N15)))) | V15: =IF(ABS(U15-U14)>=Inputs!$B$21,1,0) | W15: =IF(ABS(U15-X14)>=Inputs!$B$22,1,0) | X15: =IF(W15=1,U15,X14) | Y15: =Inputs!$B$10-G15

Sheet Graphs
A1: Blockheat dynamic simulation charts (source: Simulation sheet)
